seattle, 4998
washington, 1056
newyork, 354
alaska, 174
boston, 138
california, 126
chicago, 120
vancouver, 114
lakewashington, 108
oregon, 90
britishcolumbia, 84
united states, 78
seattle city, 78
knox county, 66
america, 60
sanfrancisco, 60
berkeley, 60
lakeunion, 54
london, 48
illinois, 48
portland, 42
newyork city, 36
losangeles, 36
ballastisland, 36
seattlevillage, 36
licton, 36
puyallup, 30
seattleillahee, 30
westseattle, 30
emblem, 24
lake, 24
canada, 24
vancouverisland, 24
mexico, 24
bagley, 24
philadelphia, 24
neworleans, 18
lexington, 18
beaton, 18
fort, 18
indiana, 18
new city, 18
newyorkalki, 18
sanfranciscos, 18
detroit, 18
westpoint, 18
oklahoma, 18
sacramento, 18
politan, 12
commu, 12
tory, 12
northamer, 12
tideflat, 12
stlouis, 12
phelps, 12
bancroft, 12
vietnam, 12
goleeaspee, 12
northern city, 12
metropolis city, 12
curiosity, 12
labrador, 12
westmark, 12
rolland, 12
king county, 12
melville, 12
indian city, 12
native city, 12
philippines, 12
boldt, 12
newzealand, 12
duwamishvillage, 12
westbank, 12
columbia city, 12
arizona, 12
bierwert, 12
western city, 12
kazakhstanmontana, 12
minneapolis, 12
mcelroy, 12
historya, 12
ed, 12
illinois city, 12
westarthurdenny, 12
toronto, 12
meany, 12
angeline, 12
kwakiutl, 12
moscow, 12
idaho, 12
washington city, 12
threshold city, 12
marilyn, 12
districtunited states, 12
mohai, 12
northamericawashington, 6
neighborsin, 6
quotedand, 6
great city, 6
imagi, 6
alkibeach, 6
hongkong, 6
seeathl city, 6
binss, 6
cadys city, 6
killer city city, 6
westregion, 6
belong city, 6
sawdustbrick, 6
suggest city, 6
manhattan, 6
californian city, 6
millennia, 6
tomorrowan, 6
northcolumbia, 6
britain, 6
bostonsas, 6
americansto, 6
decreevalley, 6
outpost, 6
mi city, 6
israel, 6
reference city, 6
expe, 6
southdaviddenny, 6
newyorkalkibrig, 6
societys, 6
decatur, 6
swan, 6
needlestrip, 6
distribute, 6
ohio, 6
illinoisireland, 6
guangzhou, 6
kikisebloo, 6
louisewoolene, 6
illahee, 6
campbeach, 6
longhouse, 6
acrecolumbia city, 6
thou, 6
barbecue, 6
ropolitan, 6
westseattlepeninsulabeach, 6
cisco, 6
hiram, 6
burn city, 6
lictonpark, 6
westinstead, 6
nitie, 6
era city, 6
brickrock, 6
panorama city, 6
georgia, 6
tury city, 6
munitie city, 6
vancouverislands, 6
newempire, 6
northanthropologist, 6
gateway city, 6
northye, 6
nexus, 6
seattletotem, 6
massachusetts, 6
picturesqueattire, 6
eskimovillage, 6
bellecolumbia, 6
south city, 6
cheechako, 6
jargon, 6
grand city, 6
konowaygreat, 6
la, 6
northmark, 6
alaskamidland, 6
fortune city, 6
fascina, 6
seattleillahee cityplace, 6
hinterlandand, 6
kikisebloo city, 6
dovella, 6
dennylindsley, 6
placestorie city, 6
returnand, 6
northwest, 6
southpark, 6
hooverille, 6
northdakota, 6
westtotempole, 6
ballplayer, 6
ye, 6
depressionera, 6
seattleillaheea, 6
frontierwa, 6
fortwestunited states, 6
pivot city, 6
y citys, 6
west city, 6
overturn city, 6
fortlawton, 6
innova, 6
cafésspring, 6
midst city, 6
washingtonday, 6
climatecontrolle, 6
saint city, 6
increa, 6
tribalauthority cityyear, 6
seattlepromote, 6
duwamish city, 6
germany, 6
seattlerenton, 6
undisturbed city, 6
southolympia, 6
fremont, 6
indianvillage, 6
renton, 6
boulder, 6
petroglyphbeach, 6
upriver, 6
trichocarpa, 6
southkellogg, 6
yakama, 6
eastbank, 6
stribal, 6
southtacoma, 6
washingtonparksuquamish, 6
manette, 6
xáxa, 6
jut, 6
shenryyesler, 6
chaáhlqoolake, 6
richmondbeach, 6
northseattle, 6
condor, 6
santafe, 6
metropolis, 6
westlisbeth, 6
chad, 6
wested, 6
beaton city, 6
westfrankcarlson, 6
annieyork, 6
terri, 6
westpeggy, 6
westedvalerie, 6
turbevilleiii citykindlegeographical, 6
manu, 6
skeleton, 6
volgarden city, 6
baysiwashe, 6
washingtonscolumbia, 6
westshow, 6
westlawrence, 6
kansas, 6
cake, 6
aldona, 6
nd, 6
texas, 6
newyorknew, 6
marilynbentz, 6
correa city, 6
badcon, 6
emmettwatson, 6
kurt, 6
discrimina, 6
gotham, 6
seattlegarden city, 6
losangelesuniversity, 6
garden city, 6
westrockie, 6
houghton, 6
archon, 6
westedge, 6
china, 6
minnesota, 6
iii city, 6
newyorkgarland, 6
ballast, 6
hannah, 6
hiramm, 6
patsycolumbia, 6
alonzo, 6
sav, 6
seattlevs, 6
kalaeetsa, 6
bowhertta, 6
lyacksun, 6
synonymy city, 6
seattleday, 6
reserva, 6
kurkpatrick, 6
japan, 6
montana, 6
australia, 6
uw, 6
